id,name,artist,artist_id,album,popularity,duration_ms,explicit,release_date
6rsDkvbgiAkMWWudkR57IP,From This Moment On - Pop On-Tour Version / Remastered 2023,Shania Twain,5e4Dhzv426EvQe3aDb64jL,Greatest Hits (Remastered 2023),69,237939,0,2023-11-17
4nXrVH5xwN1w6TpmP7uu8n,Exit Sign,HIEUTHUHAI,5HZtdKfC4xU0wvhEyYDWiY,Ai Cũng Phải Bắt Đầu Từ Đâu Đó,71,201589,0,2023-10-16
7vLycr1Tkvs8y75zEysCuN,drop pop candy (feat. 鏡音リン&巡音ルカ),GigaReol,3UVC7gRDvB44DLq56iF1r9,初音ミク「マジカルミライ 2023」OFFICIAL ALBUM,38,227000,0,2023-07-26
1o6cYDMHvKOfizi4d9Lqxr,id 072019,W/N,6NF9Oa4ThQWCj6mogFSrVD,id 072019,66,271704,0,2023-07-31
2uMUqw3lbW2p9j123KpklO,Chandelier,Sia,5WUlDfRSoLAfcVSX1WnrxN,TikTok Pop Hits 2022 | 2023,44,218226,0,2022-12-16
5C1O3fpMsiisJpHiB1uuDf,ĐỢI (Prod. RIO),52Hz,1y28JlO6rDMUB5rkcA4RAh,ĐỢI (Prod. RIO),64,197000,0,2023-12-15
42GbsW1QgJu1AA68SKSCOA,Pop Music 2024,Clean Pop Music,3JWanDWTtkHRjViiNylONv,No Lyrics SFW Pop Instrumentals,22,125375,0,2024-07-02
1EmMFSLRVkOszCa4ul9z0F,3107 3,W/N,6NF9Oa4ThQWCj6mogFSrVD,"3107 3 (feat. Nâu, titie, Dươngg)",63,240000,0,2021-07-31
3QIZxhtWkPLlHjIjZKkctC,Pop Beats No Lyrics,Clean Pop Music,3JWanDWTtkHRjViiNylONv,No Lyrics SFW Pop Instrumentals,22,122011,0,2024-07-02
33S16Xa5cZmLPhn6eZI4Nm,ĐỢI (SPECIAL VERSION) [ft. WEAN],52Hz,1y28JlO6rDMUB5rkcA4RAh,ĐỢI (SPECIAL VERSION) [ft. WEAN],63,199278,0,2024-01-31
0mjBcXZS8JGscQn19k3V51,Forever And For Always - Pop Red Edi / Remastered 2023,Shania Twain,5e4Dhzv426EvQe3aDb64jL,Greatest Hits (Remastered 2023),52,246074,0,2023-11-17
5xuaCJaNAqRLwV7OO5zPiF,3 1 0 7 (feat. Duongg & Nâu),W/N,6NF9Oa4ThQWCj6mogFSrVD,3 1 0 7 (feat. Duongg & Nâu),63,234938,0,2024-06-26
1jmyacJEboHQuKDX81MjGV,Poppy,El Train,5q4pPTzefHs5kUuBSQSHbJ,Chillhop Essentials Summer 2023,22,168913,0,2023-06-06
45PPoUgqs3JrhkZGEzSUHT,"3107 4 (feat. Erik, Nâu)",W/N,6NF9Oa4ThQWCj6mogFSrVD,"3107 4 (feat. Erik, Nâu)",61,213913,0,2022-07-31
4yckjr3kgnJzoCNNelsJU4,here with me - instrumental lofi,Lowfie,4QC0ZIhtfKdj6Y8YdXoy8x,"lofi covers of popular songs 2023, vol. 7",45,96590,0,2023-03-06
4jqkzUCbtRiQnWB0mLFNV3,Rockland,Gracie Abrams,4tuJ0bMpJh08umKkEXKUI5,Relaxing Music 2023,6,217368,0,2023-03-14
6mGcGybclF4U7CmUWxF1QI,Khế Ước,The Flob,0u5ikKYYDO2XGyYjNGQRGf,TRỜI ĐÁNH TRÁNH TA - TA VA TRÚNG NGƯỜI,52,259252,0,2024-11-28
41zEGbDBB1TujCIctzReQv,Stick Season - Live From Red Rocks / 2023,Noah Kahan,2RQXRUsr4IW1f3mKyKsy4B,Stick Season (Live From Red Rocks / 2023),0,333132,0,2023-09-15
6Wsn7kzyGrd1IVi6X4f0tU,Phòng 663201,The Flob,0u5ikKYYDO2XGyYjNGQRGf,TRỜI ĐÁNH TRÁNH TA - TA VA TRÚNG NGƯỜI,41,261881,0,2024-11-28
22ndPp0OYgwaUEx8TNb9cQ,Rockin' the World - JUST LIKE THIS 2023 Live,SPYAIR,7gRg6C2qgQ1F01k3sgyEVt,JUST LIKE THIS 2023 (Live),27,118053,0,2024-02-28
27okvpcgpfODYvseTAdnYs,Limo,Thắng,1oD9fKbb7qQ2nhn9JJC24F,Cái Đầu Tiên,42,154838,0,2023-04-30
42a5iCfQr1YUTOIFvglopN,Common - Live at The Hard Rock NYC / 2023,Quinn XCII,3ApUX1o6oSz321MMECyIYd,Common (Live at The Hard Rock NYC / 2023),0,199749,1,2022-08-05
4fQXfAGpVk0igTxVlzeHY0,232 Tuổi,The Flob,0u5ikKYYDO2XGyYjNGQRGf,232 Tuổi,34,223990,0,2023-05-17
7J12yLVrXEIWm7bHaGS1um,rockstar,Post Malone,246dkjvS1zLTtiykXe5h60,Best Rap Workout 2023,13,218146,1,2023-09-20
06mzDTYkBVBfWlzinhom9I,Gieo,Ngọt,0V2DfUrZvBuUReS1LFo5ZI,Gieo,39,207516,0,2022-11-25
5H9cj98UeZQVkmDPa8Yt2l,Backpack - Live at The Hard Rock NYC / 2023,Quinn XCII,3ApUX1o6oSz321MMECyIYd,Backpack (Live at The Hard Rock NYC / 2023),0,195144,1,2023-04-07
5fhqSTd9wtW1R0MCcFEGiG,Ánh,7UPPERCUTS,7BWNm2hXOL9wEuinNnWpxy,7UPPERCUTS,29,193561,0,2024-12-11
6lu7GOPgl5bsyDEBqJ1on2,ロックンロールは鳴り止まないっ - 2023 Remaster,Shinsei Kamattechan,1ZnuqrjIR4q8zhgriUYsSo,聖なる交差点 (International Version),9,230613,0,2023-11-15
4ELzJe4u4oxWSriDkdH9K4,Rock Hạt Gạo,Phương Mỹ Chi,1BcjfrXV4Oe3fK0c8dnxFF,Vũ Trụ Cò Bay (Deluxe Version),34,185653,0,2024-08-22
1oq38oE6AoUa9tALYCtVMr,"Crocodile Rock - Live From Glastonbury, UK / 2023",Elton John,3PhoLpVuITZKcymswpck5b,"Crocodile Rock (Live From Glastonbury, UK / 2023)",0,254930,0,2024-06-17
2CWACmptsvVIJOImkbWod3,Sample Hip-Hop Type Beat 2023 - Freestyle Beats 2023,Type Beat,2I4xTYL2IlFVhB3NrYUd8W,Freestyle Beats 2023,22,90467,0,2023-02-13
2m3Fqmw1mfs39KklPmjq79,Por Mi México (Remix),Lefty Sm,6eXHRfK9Ad3IpMpSAqvcDf,Por Mi México (Remix),75,405000,1,2023-08-24
6D94p9ASguBcYlDC0o56vx,NOLOVENOLIFE,HIEUTHUHAI,5HZtdKfC4xU0wvhEyYDWiY,Ai Cũng Phải Bắt Đầu Từ Đâu Đó,65,170898,0,2023-10-16
0NPW0CDbABaa6QjdZgT9oi,Chill No Lyrics Gaming Music,Chill Gaming Playlist,1ALcjEvMc4tLpPPNifjjFD,Gaming Music Playlist 2023,10,90566,0,2023-01-21
0rcb8gZqXRBSXzQfylEjCS,KOTS - Freestyle,Emiway Bantai,008PpLcKUtVXle6JSwkq3I,King Of The Streets,29,182680,0,2023-06-09
3IuxFX3kzxDRv4t9anPo43,0 AI NGHĨ,Wxrdie,1Jmkhzve9TuXHUUWGmpANw,0 AI NGHĨ,60,190502,0,2023-03-16
06pLWymQgyRpvFq5Z46cGg,Chill Music For Game Night,Chill Gaming Playlist,1ALcjEvMc4tLpPPNifjjFD,Gaming Music Playlist 2023,31,90566,0,2023-01-21
6xRrWMkeXjRTdhpO8bvD4Z,"STREET SINGER REMIX (Feat. 노윤하, 던밀스, 가오가이, 키츠요지, 오담률, 허성현)",CHERRY BOY 17,0jxGPRjBD9ofybNRoB14dc,"STREET SINGER REMIX (Feat. 노윤하, 던밀스, 가오가이, 키츠요지, 오담률, 허성현)",31,359268,1,2023-12-29
7fNHfgOxPLcg4mQLhCnOHB,XTC (Xích Thêm Chút) (Remix),Rapital,0wqus4nTxIoJvLZLwBt8Df,Rapitalove,62,243750,0,2021-06-21
4QxeKYJRwXWS1OGN7OnH5M,Song For Gaming,Chill Gaming Playlist,1ALcjEvMc4tLpPPNifjjFD,Gaming Music Playlist 2023,13,103504,0,2023-01-21
2BHMUxVdjuK9zKPmocIX56,Bad Bitch 美学 Remix,Awich,0FnDCrmcQT8qz5TEsZIYw5,THE UNION,53,369111,1,2023-10-25
3ER1r0HipeSSu7YNImC6vd,Bước Za Đi Xa,Wxrdie,1Jmkhzve9TuXHUUWGmpANw,Bước Za Đi Xa,60,168774,0,2024-09-18
2aSLX2NcCyAkgxwSzZWVa9,2023 Gaming Top Hit Sounds,Chill Gaming Playlist,1ALcjEvMc4tLpPPNifjjFD,Relaxing Somber Lofi Hip Hop Music Mix For Gaming Streaming & Chilling,8,105818,0,2023-03-19
5G8k8hzay7e6FUrkTNmymV,Înapoi în viitor 1995,Vlad Dobrescu,0bypMpAgjSZJaThtP1oqFV,URBANIST SESSION,19,85165,1,2023-11-13
3MlvHVRytWiXpSHEeZVF0I,1TINHYEU (feat. Hustlang Robber),RAP VIỆT,1cPpd989kghzlZqfpP4KwL,"RAP VIỆT 2024, Tập 13",52,220740,0,2024-12-03
6IUEwlNgVnT5CYeBuq6DTH,"Anh Là Ai? (feat. Dick, DT & UMIE)",RAP VIỆT,1cPpd989kghzlZqfpP4KwL,Rap Việt Mùa 3 (2023) - Tập 8,50,223783,0,2023-07-16
0x5BqH8iC2Y2lTMxAkNAna,Từ Chối Hiểu (feat. Quang Anh Rhyder),RAP VIỆT,1cPpd989kghzlZqfpP4KwL,Rap Việt Mùa 3 (2023) - Tập 13,53,204800,0,2023-08-20
265hQASPY3HFmUH38zZrSK,MOIEM,Dangrangto,5xY6E5PMZNtz9jDvxTRiGI,MOIEM,67,191834,0,2024-11-06
3ZoK6tTPWeFkS1DY4R7EFq,Rap 2023,DJ Edm,6vRzxK1ozI3LHvgmF7c4jF,"Top 50 Best Underground Beats: Mix Dj (R&B, Hip-Pop, Pop, Freestyle, Dance, Trap Beats)",0,204943,0,2023-07-10
0FyxNqSuOlxcGSEfANCFyL,SERENATA RAP 2023,Kratos Guerrero,74GISWxzZnC7FsWIkczYFy,SERENATA RAP 2023,0,673165,0,2023-10-26
6mCz0xmwZDCvZrCMtPwqyt,Rap 2023,SoundsWorld,6yOmbYsMqNFdaL7uUlmTDA,Best Trap Ringtones Vol. 2: Bass Boosted Rap Mix 2023,0,162000,0,2023-02-28
6SdPpLl72QarBuaxv7FNGw,Sống Cho Hết Đời Thanh Xuân 4 (feat. Dick),RAP VIỆT,1cPpd989kghzlZqfpP4KwL,Rap Việt Mùa 3 (2023) - Tập 13,52,260351,0,2023-08-20
5K2VTtm9skwbbVP54E0I4E,Rolling Down (feat. CAPTAIN),RAP VIỆT,1cPpd989kghzlZqfpP4KwL,Rap Việt Mùa 3 (2023) - Tập 13,51,214154,0,2023-08-20
6eSlXikHAenLlpmXKDFtYb,Nhạc Trap Căng Nhất 2023,Wxrdie,1Jmkhzve9TuXHUUWGmpANw,420ent.,54,213523,1,2023-04-20
486dVHo58R4EhBQjcYF2NX,Khi Cơn Mơ Dần Phai (feat. Tez & Myra Trần),RAP VIỆT,1cPpd989kghzlZqfpP4KwL,Rap Việt Mùa 3 (2023) - Tập 15,52,195840,0,2023-09-03
27AEQr4wqfHyVpwgFgnGs6,Mời Em,Wxrdie,1Jmkhzve9TuXHUUWGmpANw,THE WXRDIES,63,203687,1,2024-11-12
0jV9S5sUnQSEvwMSXQ2u4l,"Người Được Chọn (feat. B Ray, 24k.Right, Dick, CAPTAIN & Đạt G)",RAP VIỆT,1cPpd989kghzlZqfpP4KwL,Rap Việt Mùa 3 (2023) - Tập 16,47,318066,0,2023-09-10
2isixFfWHFAtregdld4WnR,Trippy Love,Vexento,3tYJfCciy07wTBt2HpjCQw,Best of Vexento 2023 - Favourite Electronic Gaming Mix,18,212112,0,2023-11-28
6Ch4rpmyYnNf2HAfsXu9uX,Ngau Hung,Hoaprox,3tuxyjTQrEDsF0pV0WbqyR,Ngau Hung,43,75697,0,2018-01-01
0mj41slOMwPibJjOAG6SNR,Hearts & Love Emojis,La Mejor Música Electrónica,3EG7jJRApBO7i8o94Dw1Uh,Música Para Ejercicio 2023,4,134048,0,2023-01-18
0rw2up89gUnQRD8mUXjrm1,Limitless,Elektronomia,7qgorhDacy1FRz5HkAhDtu,Limitless,55,244692,0,2017-03-14
59WkQNUp555fTA3n7mXnrY,Downtown Crusaders,Mix Electrónico de Año Nuevo,180fUTOBitzZ8KzsVqjFcn,Fiesta Fin de Año 2023,15,138899,0,2023-12-01
5K2uBoV39y2mJ4KAYzcJps,Summersong 2018,Elektronomia,7qgorhDacy1FRz5HkAhDtu,Summersong 2018,48,226518,0,2018-06-15
78NgxSKFhFTTQOz1byNGgb,Electronic 2023,NCS Epic Music,3ZBV0gUEnRaiAuadgsmXPl,Electronica,2,238899,0,2023-03-24
3YHUWYNglROv97GqGlCy7T,Aurora,Hoaprox,3tuxyjTQrEDsF0pV0WbqyR,Aurora,21,188571,0,2023-04-29
7smeCoE1WaiGSLJmXo1M7s,Electronic 2023,HabZone,7icbzqnPWc4RkZg4po32wT,Be Aware,0,328333,0,2023-08-29
7By2SGgiH1l3GwEf4i90hC,Memory,Elektronomia,7qgorhDacy1FRz5HkAhDtu,Memory,43,255013,0,2021-04-29
0vJ5EsSFsN6j6fKImXSlFz,Musica Electronica 2023 Para entrenar,Yafre Wolf,5w5GmmycbK6p9OXux5sNnb,Musica Gym Electronica,24,92812,0,2023-02-07
2EtdrOqHPBBUqGExIyDnfu,Dooh Dooh,Silver Smoke,4vTxLr74trGJUi6QQAGOdP,Dooh Dooh,23,475348,0,2024-06-20
1IODXFCMXEC0fQfWjbhNPF,Tech House x Techno - Free Beat GROOVE Club Banger Instrumental 2023 | Electronic Rap Beat,Freidbeat,7FyOkfwL9KmBD0Fe4XGO7F,Tech House x Techno (Free Beat GROOVE Club Banger Instrumental 2023 | Electronic Rap Beat),23,188130,0,2023-03-13
21riltMArzY8XcWGk7wGlT,Eclipse,Jim Yosef,40HDiLfKm0tXk2FxlJx6aO,NCS: The Best of 2015,49,237740,0,2015-12-23
2XboCSZoDlpQSppuZWd8Ql,Música Nueva 2023,La Mejor Música Electrónica,3EG7jJRApBO7i8o94Dw1Uh,La Mejor Música Electrónica,22,127500,0,2022-11-14
034AMrX2mfjOd2r04HFbk7,Moonlight dancer - 2023,r-906,7os1UVlIK50EAaP990Z8aE,Lunar Calendar,30,261454,0,2023-05-10
5kvEKWD4YebPudZ5ELnzwP,"Shut Up & Dance - Live from Bayo, New York City/2023",Michaël Brun,1HcAkAeL4xf02wzAnl7mIV,"Shut Up & Dance (Live from Bayo, New York City/2023)",0,228361,0,2023-10-23
7hBAcHpJ3Ui820IDenUcjx,If You Wanna Party (Just Dance 2023 Edition),The Just Dancers,4JWt9oSSKxYYOayFDlJexl,If You Wanna Party (Just Dance 2023 Edition),31,192939,0,2022-11-18
6qyK9SquQSHvNzrGHEUYNV,23:40,Hào,41o2x1AJ6KzUiz6JxYtCtJ,23:40,56,224169,0,2020-12-23
5EegvuITEf6AOwg3kiUMXT,Never Learned To Dance - Live from RCA Studio A / 2023,Medium Build,3C6wmSgnZuqxVQyBWujBsn,Never Learned To Dance (Live from RCA Studio A / 2023),0,257932,1,2023-12-04
70s2Qxe5S61G0PQgLnQhxj,Trót Trao Duyên Remix,NB3 Hoài Bảo,5QbDgpkghCaWjJywjbJnoG,Trót Trao Duyên Remix,49,250516,0,2022-11-25
5x6aiDoFseUOthoNYXGcrW,Dance Macabre - Live at the Forum / 2023,Ghost,1Qp56T7n950O3EGMsSl81D,Rite Here Rite Now (Original Motion Picture Soundtrack),46,328137,1,2024-07-26
7pDF5RgtEQ6Su2mm3bwzo2,Vỡ Tan (Deep House),Orinn,08xn7sYY4KworP8Vc3GoiU,Vỡ Tan (Deep House),43,290253,0,2024-02-28
59BBGvrFltdGaHtf06XsEM,Christmas Dance Party 2023,Holly Jolly,39eJFvfRccrkymEmChAPRK,Christmas Dance Party 2023,0,127680,0,2023-11-11
0vx0Oui8fX3gckYzozazj0,EmmE (feat. Du Uyên),Đạt G,4R3mugkUqCALXgkwSptTbg,EmmE (feat. Du Uyên),47,241983,0,2022-08-15
1rENS47PLnO8c7WIjRCD46,"Calabria (feat. Fallen Roses, Lujavo & Lunis)",Dance Fruits Music,3HphLd0XiELTvIPYf55dYC,Summer Hits 2023,60,128500,0,2023-10-16
64cRrJS0hgqXQypEanyN93,Ít Nhưng Dài Lâu - TVN Remix,Nam Con,3h8Yh3GUF3Slpm7tb1Euk6,Ít Nhưng Dài Lâu (TVN Remix),46,214987,0,2022-04-13
22jhKrCmyT6ekpPQ5fJ1fD,Summertime Sadness,Dance Fruits Music,3HphLd0XiELTvIPYf55dYC,Summer Hits 2023,38,148427,0,2023-10-16
0Z6HUhoUM9CB3IbonXO6Im,Em Xinh Như Đóa Hoa - Remake Version 2025,BMZ,3euFcFd5Dc7JAz6t7oKg7m,Em Xinh Như Đóa Hoa (Remake Version 2025),0,150000,0,2025-05-16
1H5MNG1FVWfWFncGptkSOc,FRESH2DEATH,Sid Shyne,4V2ZuYYkmNUpJVDrkp3oLh,INSOMNIA,27,120026,1,2023-09-08
37F0uwRSrdzkBiuj0D5UHI,Reminder,The Weeknd,1Xyo4u8uXC1ZmMpatF05PJ,Starboy,84,218880,1,2016-11-25
4eeflgjzTF8xN8U2E0dech,NGỰA Ô,Dangrangto,5xY6E5PMZNtz9jDvxTRiGI,NGỰA Ô,69,215415,0,2024-10-02
1dT8R1DLYOVZBMd0KUr2pr,Rebel Yell - Rewind Live / 2023,Billy Idol,7lzordPuZEXxwt9aoVZYmG,Rebel Yell (Rewind Live / 2023),0,326542,0,2023-10-27
4SinziOMDPR58wWHakWP9v,Good Day 2025 (Telepathy + By the Moonlight Window),G-DRAGON,30b9WulBM8sFuBo17nNq9c,Good Day 2025 (Telepathy + By the Moonlight Window),64,242566,0,2025-04-24
72ORHFn7a3OC7FDBOB9Q9S,Contra,CLR,6vCnF48qqPHgVMBEvcbgkU,Contra,14,192482,1,2023-11-17
3W7KHojYGgYaoX9ogKO9hU,Nothing's Gonna Hurt You Baby,Cigarettes After Sex,1QAJqy2dA3ihHBFIHRphZj,I.,83,286293,0,2012-07-21
4pE1DzYULn6pgud2WcqNs3,Baby Gọi Cho Anh (feat. CAPTAIN & UMIE),RAP VIỆT,1cPpd989kghzlZqfpP4KwL,Rap Việt Mùa 3 (2023) - Tập 8,46,178252,0,2023-07-16
4sy0nStsM0a8B42SoiUr0v,Below and Above,Minecraft,7i68fmsIERvgavI8Q1H09h,Minecraft: Game Drop 2 - 2025 (Original Game Soundtrack),46,212375,0,2025-05-13
5PBeUklsET8lFGRNFiAl1V,Contra,CLR,6vCnF48qqPHgVMBEvcbgkU,Facts & Samples,16,192482,1,2023-12-04
4WxlLvfzOUim3VSp8f67br,"Vẫn Lit - Hội Không Nón (feat. IndieK, HURRYKNG, CAPTAIN, Ogenus, STRANGE H, gung0cay, Yuno Bigboi & Tọi)",RAP VIỆT,1cPpd989kghzlZqfpP4KwL,Rap Việt Mùa 3 (2023) - Tập 16,41,434864,0,2023-09-10
5Dwp98kPLQ8joNfYi298vu,Endless Shine (Remastered),Tuesday Beach Club,3kbrbhnjLCObXwmOsqadXT,INDIESTANCE2022,6,259293,0,2022-12-21
1MiJk3dXC5jzhvLFP0dUM7,Thức Giấc,Da LAB,6zUWZmyi5MLOEynQ5wCI5f,Thức Giấc,64,269021,0,2021-07-14
1bRsQtD0IJN7D0aCslMg44,"Bet On Us (feat. HURRYKNG, IndieK & Mây Bae)",RAP VIỆT,1cPpd989kghzlZqfpP4KwL,Rap Việt Mùa 3 (2023) - Tập 10,33,198817,0,2023-07-30
2PAz9DPELN21KOh8scMxwE,I'd Follow You,Marti West,6CQ7EYVHudzCArbeXZYV4e,"Best Indie Folk of 2022, Vol. 1",16,249449,0,2022-12-27
3eSQdEJ92eOf9dMSQZYbMt,Dậy Đi! (feat. IndieK),RAP VIỆT,1cPpd989kghzlZqfpP4KwL,Rap Việt Mùa 3 (2023) - Tập 4,12,149333,0,2023-06-18
0mE8ygRtrDryMZZaN7JbHM,I Don't Know Why,Sunflower Thieves,6UwPoe3ZqpC4OUuKgIinVW,"Best Indie Folk of 2022, Vol. 2",11,204293,0,2022-12-27
4YSryHqsD82Krc81l1EJD5,ghệ iu dấu của em ơi,tlinh,3diftVOq7aEIebXKkC34oR,ái,58,205138,0,2023-08-16
3uvXXkiGCM0QY5xVjNSI26,St. Clements,Gallipoli,7tAyZfxpYvcMi8xJEtwGjL,Indie Folk Central: November 2023,15,223770,0,2023-11-03
5aAp5XpButjMlrwnsntTd6,On the Avenue,Hunter Metts,1nQp0Yk9yxk2PJsXOtMR14,"Best Indie Folk of 2022, Vol. 2",8,208490,0,2022-12-27
2PYDUM2IC01FOTDLQdFxJP,3 1 0 7 - 2 (feat. DuongG & Nau),W/N,6NF9Oa4ThQWCj6mogFSrVD,3 1 0 7 - 2 (feat. DuongG & Nau),60,268524,0,2021-02-04
6sIWcLjuMvOcxAfMOx1kbB,FEVER,Coldzy,401ikVSob52311M6Fwnunt,MEDICINE,54,260073,0,2024-06-03
77oGPqxT7yDZ5OCRmR863C,Classical Dragon (feat. Tim Henson),Marcin,2F7PtF4lRVIufJd6Sjud71,Classical Dragon (feat. Tim Henson),48,198160,0,2024-06-07
51Ml5x73H5vv6zihWKKOXz,III. Adagio,Wolfgang Amadeus Mozart,4NJhFmfw43RLBLjQvxDuRS,Classical for Cats,3,362240,0,2025-05-16
0UfLJMtJo1bqmXf7dSfeDq,The Girl Who Fell from the Sky - Rain Version,ONE PROJECT,2VIZDPesAdDk0zppWuy70U,The Girl Who Fell from the Sky (Rain Version),51,161136,0,2024-06-21
7gl5qUaVpN6xOg4mkzGHSl,classical phonk,0to8,5MQG067ASfGn0Cf1nE0S8g,classical phonk,54,86160,0,2022-11-11
4lgjN4QyjoLnvMsRRlSAoM,Women in Classical with Anna Lapwood,Esther Abrami,5zCkKfOMcIx8ISU53JBPng,Women in Classical with Anna Lapwood,0,785621,0,2022-02-25
6JyihARD2zGUa4uB4NfQiv,"Swan Lake (Suite), Op. 20a, TH.219: I. Scene - Swan Theme",Pyotr Ilyich Tchaikovsky,3MKCzCnpzw3TjUYs2v7vDA,Tchaikovsky: Swan Lake Suites,63,180379,0,2024-03-02
0dN8P5k2OymyDJ6GPhIT0n,Classical VIP,Rukkus,2uFAb0ANFkjlalOG5kQH60,Classical VIP,43,194925,0,2012-09-08
1L7rKAYUqTMyZmiQb2eAYB,II. Romance,Wolfgang Amadeus Mozart,4NJhFmfw43RLBLjQvxDuRS,Classical for Cats,2,369440,0,2025-05-16
23lDDFpPqVktmCcUhc0ytw,Requiem: K. 626: Lacrimosa,Wolfgang Amadeus Mozart,4NJhFmfw43RLBLjQvxDuRS,LACRIMOSA,61,193249,0,2024-11-20
1DfGPEHxTYeaJpiNA4xUb5,Für Elise,Ludwig van Beethoven,2wOqMjp9TyABvtHdOSOTUS,Classical Best Of,63,173000,0,2009-03-01
703FIaDTCr77IaX2xBgHX8,Swan Lake: Op.20 Act I: No.9 Finale,The Classicals,0mKgCBdahKi7AykSlNcmHP,Swan Lake: Op.20 Act I: No.9 Finale,0,362417,0,2020-01-24
70EAyoNV7Coaw5ACubFL3F,Gymnopédie No.1,Erik Satie,459INk8vcC0ebEef82WjIK,Gymnopédie No.1,59,200031,0,2024-02-09
2xizRhme7pYeITbH1NLLGt,"Tchaikovsky: Swan Lake, Op. 20, Act 2: No. 10, Scene. Moderato",Pyotr Ilyich Tchaikovsky,3MKCzCnpzw3TjUYs2v7vDA,Tchaikovsky: Swan Lake,72,166866,0,1976-01-01
1VJ4rUVQz2TJOpQEZ0elqh,II. Larghetto,Ludwig van Beethoven,2wOqMjp9TyABvtHdOSOTUS,Classical for Cats,1,674640,0,2025-05-16
4R4u7ykx0enIU0JSVBPVqu,Armellodie,Dalal,1ZNA8vzdCn3mKSUSPkCkRJ,study music that is actually motivating,25,189457,0,2024-09-27
06SYfhYSo9iY3txHE6W9Dl,jazz is for ordinary people,berlioz,3k3RY7kR8f0vp8Cq27P141,jazz is for ordinary people,69,164000,0,2023-04-07
0pjCsB0XNSyqM9UazlTODC,Jazz Suite No. 2: VI. Waltz 2,Dmitri Shostakovich,6s1pCNXcbdtQJlsnM1hRIA,Shostakovich: Jazz Suites Nos. 1 - 2 / The Bolt / Tahiti Trot,68,193600,0,2002-04-15
7FXj7Qg3YorUxdrzvrcY25,Fly Me To The Moon - 2008 Remastered,Frank Sinatra,1Mxqyy3pSjf8kZZL4QVxS0,Nothing But The Best (2008 Remastered),69,147520,0,2008-05-13
5FkJIgpW2Db8yGwNbwKHmW,La ligue anti jazz-rock,Aquaserge,1XOKresOiQtBmduOEskf4s,La ligue anti jazz-rock,0,450218,0,2014-04-07
1XoSxbGeItsxcv5RCMWucE,Afro Jazz,фрози,3IIpbS5XHnLSdXTP4c1YN2,Afro Jazz,60,107833,0,2024-07-24
6YQR5USsJok1aievRkLeaA,Jazz on the Clock!!,Luxiem,1kFkuPkfE1z3STtqLNK5s1,Jazz on the Clock!!,47,184821,0,2022-06-24
5DIa5z0Wi1x50zlXUKSHM2,"Stuck On You - Live At The New Orleans Jazz & Heritage Festival, 2006",Lionel Richie,3gMaNLQm7D9MornNILzdSl,"Stuck On You (Live At The New Orleans Jazz & Heritage Festival, 2006)",0,242225,0,2006-01-01
4ReyMvnQugXei2unxgl82R,Nhạc Jazz Sang Trọng Tại Nhà Hàng,Vprod Jazzy,4v1dHYkbhZPWaAtzoZLv7J,Nhạc Jazz Thư Giãn,23,207541,0,2022-06-06
2pqOEqx4JMy9WSaH3sz3du,Jazz as We Eat,Cafe Ensemble Project,0dVtlAIS7ELCtZN2r4W23x,Chill & Tasty Jazz in the Restaurant - Omelette and Juice,25,146342,0,2023-01-10
11Y5cqal7pXaDwjyUhlj2r,The Joy of walking-from Jongno to Guanghwamun,Seoul Jazz Bigband,4WilN7D6oYBujOrgJzMx1Z,The Joy of walking-from Jongno to Guanghwamun,0,350911,0,0000
5XVjj6hJTWgYiDx72Wo5QS,Jazz Bar,Dreamcatcher,5V1qsQHdXNm4ZEZHWvFnqQ,1st Album [Dystopia : The Tree of Language],47,214586,0,2020-02-18
794hnOhksVsCLKiCq21eF4,Jazz Classic,Cafe Music BGM channel,3yKoHgjtyenCOIRaD2Gghu,Coffee & Jazz,54,182480,0,2018-11-09
2PeI9zx79KsCD6MvILiWN3,Tomita,Jaga Jazzist,68HFSFMCZzyRjkkm9bv5Vt,Tomita,0,252000,0,2020-07-23
2ajUl8lBLAXOXNpG4NEPMz,Sway,Michael Bublé,1GxkXlMwML1oSg5eLPiAz3,Michael Bublé,77,188066,0,2003
0ApIyhEQ8yPivCtQqzMzg4,Jazz World,Cafe Music BGM channel,3yKoHgjtyenCOIRaD2Gghu,Coffee & Jazz,53,186939,0,2018-11-09
1QbOvACeYanja5pbnJbAmk,"Take Me Home, Country Roads",John Denver,7EK1bQADBoqbYXnT4Cqv9w,"The John Denver Collection, Vol 1: Take Me Home Country Roads",77,197813,0,1997-06-17
7bPWdJgx8vek7S5i5yAtvG,Chemtrails Over The Country Club,Lana Del Rey,00FQb4jTyendYWaN8pK0wa,Chemtrails Over The Country Club,82,271176,0,2021-03-19
7qF0FfuzBFwMe1lNHkEDxW,"Take Me Home, Country Roads",Lana Del Rey,00FQb4jTyendYWaN8pK0wa,"Take Me Home, Country Roads",70,166676,0,2023-12-01
1YYhDizHx7PnDhAhko6cDS,"Take Me Home, Country Roads - Original Version",John Denver,7EK1bQADBoqbYXnT4Cqv9w,"Poems, Prayers and Promises",79,190160,0,1971
43aRebP6Ml2sA1kNMc3pqJ,Country Outlaw,SMO,06zS0fTnfMX9Bg3UTfKbD9,Country Outlaw,0,221738,0,2018-01-26
5niobKrN4ydtf6CgRSMSRM,"カントリーロード 耳をすませば [From ""Whisper Of The Heart""] (Piano)",URE Relaxing,4vFNKkefC6pkA5dMiedWms,"Relaxing Piano Studio Ghibli Complete Collection, Vol. 04 (Piano)",35,198296,0,2023-06-10
5stL1b1Q1YZndZASBsqpD5,Lá Cờ,Tạ Quang Thắng,21MG3ongZHFbUnXpK8prTg,Country Rock (The First Album),42,324131,0,2012-05-31
0u07HR0pqOkmc1JCjWm2t0,Counter Attack - 钢琴经典版,老伙计,3EJGoheyMWtSMYCxNRrsqn,想念,34,120200,0,2022-08-18
7idtjGk6fgV0l9HUCTyivY,Country Roads,The Gypsy Queens,6ZRBTMONSlddCATaF9Qlq5,The Gypsy Queens,53,163386,0,2012-01-01
7mtJGS9lpsKVAnBRt8pg1k,"Take Me Home, Country Roads / Feels Like That - Live At The 2019 CCMAs",The Reklaws,37lYaYPWOHjKXBD33S6LNv,"Take Me Home, Country Roads / Feels Like That (Live At The 2019 CCMAs)",0,179379,0,2019-09-09
70Wm0tbbdJ7D97957x4rkm,"Take Me Home, Country Roads (Theme Song)",Yuji Nomi,2ItyqN4i9lNz49g421p0Cl,Whisper of the Heart Soundtrack,50,264266,0,1995
6Kh6DWuPjADgyeXv2C725q,カントリー・ロード,広橋真紀子,4ws2inM1n8fx4JijwRqHzS,ジブリ・コレクション,46,342293,0,2011-07-29
1pGiZ76TOlctgVyTy34Smk,Xe Đạp,Thùy Chi,0l3YAI1xmZKCZBzduST5ft,The Best Of Thùy Chi 3,39,284238,0,2017-05-31
3iwTfmndQd0KuwGYnLmf6W,Country Boy (You Got Your Feet In L.A.) - Live,Glen Campbell,59hLmB5DrdihCYtNeFeW1U,Country Boy (You Got Your Feet In L.A.) [Live],0,186960,0,2010-06-04
7jjNmf8Toc6ZkxxCR73Zsg,Cưới Vợ Miền Tây,Huỳnh James,1Vc9oJC8vSXfirygPAL2Du,Cưới Vợ Miền Tây,34,218222,0,2022-11-17
4pvb0WLRcMtbPGmtejJJ6y,exile (feat. Bon Iver),Taylor Swift,06HL4z0CvFAxyc27GXpf02,folklore,81,285634,0,2020-07-24
3hUxzQpSfdDqwM3ZTFQY0K,august,Taylor Swift,06HL4z0CvFAxyc27GXpf02,folklore,86,261922,0,2020-07-24
0eFQWVz0qIxDOvhLpZ40P7,the lakes - bonus track,Taylor Swift,06HL4z0CvFAxyc27GXpf02,folklore (deluxe version),67,211813,0,2020-08-18
6ZBC5GcPQERLwI4IMDHXIY,Folk for Punjab,Anmol Gagan Maan,0FGUq23Ku8rmR1rrRHhWSa,Folk for Punjab,0,382016,0,2021-08-05
1MgV7FIyNxIG7WzMRJV5HC,my tears ricochet,Taylor Swift,06HL4z0CvFAxyc27GXpf02,folklore,82,255893,0,2020-07-24
4R2kfaDFhslZEMJqAFNpdd,cardigan,Taylor Swift,06HL4z0CvFAxyc27GXpf02,folklore,86,239560,0,2020-07-24
3MidJ5NmSuxsG0Ak9wGAYc,Analogue,Folk Bitch Trio,26jdbJyBkpr6LivDYvKp2r,Analogue/I Heard,45,226164,0,2023-06-01
0p2muH1RmATbD5SRSbqAHf,Want Want - Live From Newport Folk Festival / 2023,Maggie Rogers,4NZvixzsSefsNiIqXn0NDe,Want Want (Live From Newport Folk Festival / 2023),0,287128,0,2023-11-10
3oGVx9RBmiYGv5ZCecWLkx,Forever Winter (Taylor's Version) (From The Vault),Taylor Swift,06HL4z0CvFAxyc27GXpf02,Red (Taylor's Version),64,263533,0,2021-11-12
4vZyF6Qr1YoJAC1guGWJB1,"Ack Värmeland, du sköna (Swedish folk song) (arr. for Guitar by Mattias Schulstad)",David Frost,3qjM5wZcTHcHFf1c8ihjWr,"Ack Värmeland, du sköna (Swedish folk song) (arr. for Guitar by Mattias Schulstad)",0,109085,0,2024-02-23
0ZNU020wNYvgW84iljPkPP,mirrorball,Taylor Swift,06HL4z0CvFAxyc27GXpf02,folklore,75,208977,0,2020-07-24
2fcYfbgSqHDyYoSL2l0Osb,Folk,Hideyuki Hashimoto,3NMfMCA11Xo7RUc91o64Og,opus,32,205973,0,2023-08-18
20pX37fzVaoxukKO0fO42q,Родопски звън 2024,Vievska folk grupa,4l2DBGO8M3iEGsEVQzI1ph,Родопски звън 2024,0,328605,0,2024-09-25
19R61PjvSy7OBegMWOu6rF,Folk,Hideyuki Hashimoto,3NMfMCA11Xo7RUc91o64Og,Folk,19,203360,0,2021-07-23
2NmsngXHeC1GQ9wWrzhOMf,illicit affairs,Taylor Swift,06HL4z0CvFAxyc27GXpf02,folklore,77,190898,0,2020-07-24
1BjqQ4UYfV9bOKOvaLxi6n,褪黑素,江皓南,6088UyUnNFQQdFCkNDxbyS,褪黑素,52,280540,0,2024-10-25
3DwQ7AH3xGD9h65ezslm6q,Enter Sandman - Remastered 2021,Metallica,2ye2Wgw4gimLv2eAKyk1NB,Metallica (Remastered Deluxe Box Set),84,331560,0,2021-09-10
1GoQ5EQ0ZNURRrJKdThflm,METAL PIPE FALLING,Blanco y Sancho,7AuwIissSkefApTBF086JE,METAL PIPE FALLING,44,84750,0,2023-05-20
2DBqSvZrORNxqFsL0B5dlP,St. Anger,Metallica,2ye2Wgw4gimLv2eAKyk1NB,St. Anger,0,354960,0,2003-01-01
2MuWTIM3b0YEAskbeeFE1i,Master Of Puppets,Metallica,2ye2Wgw4gimLv2eAKyk1NB,Master Of Puppets (Remastered),80,515386,0,1986-03-03
1UmrspTydTpzWfYqWUKXLg,Heavy Metal Lover,Lady Gaga,1HY2Jd0NmPuamShAr6KMms,Born This Way (International Special Edition Version),69,252546,0,2011-05-23
50ZgS2l0IZGBuQcb7swuEd,Metalmania,Robertinho De Recife,1EkJItZB7SZ49NabsOINPX,Metalmania,0,450005,0,2015-06-12
3UULkHdmLDqBDPmBYltoRE,Metalingus,Alter Bridge,4DWX7u8BV0vZIQSpJQQDWU,One Day Remains,70,259959,0,2004-08-10
6QAsrXPnMSXIbV0yEJHlEX,Nothing Else Matters - Remastered 2021,Metallica,2ye2Wgw4gimLv2eAKyk1NB,Metallica (Remastered Deluxe Box Set),83,388733,0,2021-09-10
7oMA3qs18aC69Cr4k6EAyn,Metalingus (Edge's WWE Theme),"It Lives, It Breathes",1f8UNsnIHYgguJ6n7FDS9K,Metalingus (Edge's WWE Theme),57,296000,0,2018-04-02
1XmUHGnHfqRDs3mc4SD1WP,Bang Your Head (Metal Health),Quiet Riot,1dLWg6m8RRhizsdqJbhyj3,Bang Your Head (Metal Health),0,307626,0,1983
6ZT36tXEKY2vvTCuNK4fi1,Metal Crusher,Toby Fox,57DlMWmbVIf2ssJ8QBpBau,UNDERTALE Soundtrack,57,63168,0,2015-09-15
65yNr1EO2TOBEYCz45tuOf,It Has To Be This Way - Platinum Mix,Jimmy Gnecco,5QcGYbIhQiKu472ypOrhJu,METAL GEAR RISING REVENGEANCE Vocal Tracks Selection,64,175506,0,2013-02-20
3LhvDGLS6Wi9PAKgzHTnEi,Hallelujah - Mein Herz schlägt Schlager Sessions,Steffy Metal,1fxIxrQnSfLa8xNFodmBmO,Hallelujah (Mein Herz schlägt Schlager Sessions),0,273173,0,2023-12-08
5nekfiTN45vlxG0eNJQQye,Fade To Black - Remastered,Metallica,2ye2Wgw4gimLv2eAKyk1NB,Ride The Lightning (Deluxe / Remastered),72,417226,0,1984-07-26
41goAg1ZxePWjXXfZ7PhG7,Bluest Flame,Selena Gomez,0C8ZW7ezQVs4URX5aX7Kqx,I Said I Love You First,78,162995,0,2025-03-21
6vuVCtwukUA57ioTnKKeuL,Bluest Flame,Selena Gomez,0C8ZW7ezQVs4URX5aX7Kqx,I Said I Love You First,79,162995,0,2025-03-19
7FwfleIimLzAU6CyEtJVUD,Travelling Riverside Blues,Led Zeppelin,36QJpDe2go2KgaRleHCDTp,Travelling Riverside Blues,0,250368,0,1990-09-07
2RdEC8Ff83WkX7kDVCHseE,party 4 u,Charli xcx,25uiPmTg16RbhZWAqwLBy5,how i'm feeling now,91,296653,0,2020-05-15
4pZc4zC5lAuW7MYD0v5TjH,Bluest Flame,Selena Gomez,0C8ZW7ezQVs4URX5aX7Kqx,I Said I Love You First...,70,162995,0,2025-03-28
7gNR8OWTPG0M9C9nNWTjt9,Robert Johnson's Cross Road Blues,Robert Johnson,0f8MDDzIc6M4uH1xH0o0gy,Robert Johnson's Cross Road Blues,0,157866,0,2011-05-06
1DFmBjoeQN9DpOVTEewyx0,Ojos Tristes (with The Marías),Selena Gomez,0C8ZW7ezQVs4URX5aX7Kqx,I Said I Love You First,85,201920,0,2025-03-21
1xcbBJGVb2TfqL39E3tAuh,Bluest Flame - DJ Sliink Remix,Selena Gomez,0C8ZW7ezQVs4URX5aX7Kqx,I Said I Love You First... And You Said It Back,54,164573,0,2025-05-02
4bmPQ6LktjFsLXa6VpdcOK,I Guess That's Why I Call It The Blues,Elton John,3PhoLpVuITZKcymswpck5b,I Guess That's Why I Call It The Blues,0,270165,0,1992
38GaHj4NhuqVo8jKvc1v5l,Bluestone Alley,Wei Congfei,2dd6B3Uhzim5ttqmISX9ez,Bluestone Alley,37,227449,0,2021-10-11
2sTxo60njz9U12NuQNlcX5,Bluest Flame,Selena Gomez,0C8ZW7ezQVs4URX5aX7Kqx,I Said I Love You First... And You Said It Back,57,162995,0,2025-05-02
3be9ACTxtcL6Zm4vJRUiPG,blue,yung kai,6zO1dZ40fTZ5hY9NnnRJSk,blue,92,214357,0,2024-08-02
0B12c3WyXj5Qn4iWT88PtD,"Autumn Leaves - Live at Blues Alley, January 1996",Eva Cassidy,6fNmOWQzfOVyHLQ2UqUQew,"Autumn Leaves (Live at Blues Alley, January 1996)",0,283434,0,2021-08-13
1nwdfbj4UyRMpa9L98a4Yi,Blue Side,j-hope,0b1sIQumIAsNbqAoIClSpy,Blue Side,61,198600,0,2021-03-02
11iIikXxC6NP0Ma8vMD27x,Alien Blues,Vundabar,1W4itxt3vwhmrgLEBuVHJ6,Gawk,80,155933,1,2015-07-24
5H0BLIHZpDyj1x03J7Dkou,Vietnamese Slang,BoB$,2vbacV9IWLEz4ias5FKnU9,Vietnamese Slang,24,180942,1,2024-09-20
4Nudo7D6XMAwTsaY39TBpJ,Tiến Lên Việt Nam Ơi,Sơn Tùng M-TP,5dfZ5uSmzR7VQK0udbAVpf,m-tp M-TP,47,218627,0,2017-04-01
4Ksiced2DrLqCRfK2gGUHq,Ly tinh nhu',Truong Thi Quynh Hanh,4HV0yoclphwNw68w6kLQ3X,Vietnam: Popular Vietnamese Music,18,211693,0,2000
6WYyPo6Eyn5E1bwys7wOsn,Việt Nam Ơi,Minh Beta,6IIp7wMLdLoAWCpBjHaWid,Việt Nam Ơi,44,248833,0,2024-08-30
1KJdntlp3OVTpyF0H5ARO6,Vietnamese Forest,Asian Traditional Music,3c8YvfkS0P01LGTynw582C,"Traditional Asian Music: Chinese, Japanese, Tibetan, Korean, Oriental Shamisen and Shakuhachi",18,70819,0,2010-06-30
0c34KfixQDZYCAttnZ8LpJ,Hào Khí Việt Nam,Phan Đinh Tùng,3rbFpJkaR60h3KtE4YSZWd,Quá Khứ Nhạt Nhoà,46,273746,0,2015-01-20
3n8kOUz0D5EQpe8JXeZdt6,Vietnamese,lehophuocdat,2Y9gVu6YtWypZXjynm7O2i,Vietnamese,4,198413,0,2024-02-02
2mKV3UF8nbIKVfni0ZlAAz,Việt Nam Sẽ Chiến Thắng,BRANDBEATS,4OAuZjHIYMfw91tIHTw8ia,"Nguyễn Hải Phong Official Music, Vol. 1",44,239000,0,2023-01-04
1gyY4WlJGvbZvUVsALyJVe,Binh ban va'n,Truong Thi Quynh Hanh,4HV0yoclphwNw68w6kLQ3X,Vietnam: Popular Vietnamese Music,16,190133,0,2000
7dLEii0Au46WQyy2TwjRC1,Xin Chào Việt Nam,Ái Phương,5k5vCzAmH0dcRda22U9Hut,Gala Nhạc Việt 1 - Nhạc Hội Tết Việt,39,261728,0,2013-01-12
0Ky8OfkFVxmptG9CqN9PUw,Khuc tuy hu'ng ru con,Truong Thi Quynh Hanh,4HV0yoclphwNw68w6kLQ3X,Vietnam: Popular Vietnamese Music,10,524853,0,2000
4pCFuJ23b1bd9Xn93c9YAc,VIETNAM - My Home,Masew,3nGqUwkJHiLPDECMVrX1Sq,VIETNAM - My Home,35,222545,0,2023-07-06
6HCULLWMDmFwTgbACZHPUU,Thành phố chết,YEAH1 MUSIC,6CoCGXyUnocaqoKdRzDl8r,"Những Bản Nhạc Vui Vẻ, Chill Cho Ngày Mới | Relaxing And Chill Music… | Vietnamese music",3,242175,0,2023-02-11
0tRpWjAPI6SCNcOMQGw4z5,"Việt Nam Muôn Đời (feat. Thai VG, Liu Grace & Mikelodic)",RAP VIỆT,1cPpd989kghzlZqfpP4KwL,Rap Việt Mùa 3 (2023) - Tập 16,40,243902,0,2023-09-10
7LuewEU1SlMJ8Bi9rRrUd2,Di Cay,Phạm Đức Thành,4mh6FZsF9gO7mRUOfTTMIU,Vietnamese Traditional Music,13,161506,0,1999
1ggbqJAGPfhCXkAXPKTokY,Cà Phê,MIN,0IdAjS2LRieBR3gzoazdAw,50/50,56,190526,0,2022-03-21
5AvLfQNzlC5oO1SMbkh9Nz,Kí Ức Vpop 1,Tăng Phúc,5TSjLaWHQ69GaALubAM7gR,Tuyển Tập Của Tăng Phúc,19,738384,0,2020-01-01
12vubUp6kRBvlHPc2BeW2A,Kí Ức Vpop 2,Tăng Phúc,5TSjLaWHQ69GaALubAM7gR,Tuyển Tập Của Tăng Phúc,17,540792,0,2020-01-01
7Ey5rS9ljTUnIowo8zpEef,Kí Ức Vpop 3,Tăng Phúc,5TSjLaWHQ69GaALubAM7gR,Tuyển Tập Của Tăng Phúc,15,402720,0,2020-01-01
53EsIswMZafF2uHfWmbhqq,Kí Ức Vpop 6,Tăng Phúc,5TSjLaWHQ69GaALubAM7gR,Tuyển Tập Của Tăng Phúc,13,840151,0,2020-01-01
37rngL7xMwenDC2pu9nfLc,Kí Ức Vpop 4,Tăng Phúc,5TSjLaWHQ69GaALubAM7gR,Tuyển Tập Của Tăng Phúc,6,597878,0,2020-01-01
3sgXAxFTpNHtQVkiTZGZJh,Kí Ức Vpop 5,Tăng Phúc,5TSjLaWHQ69GaALubAM7gR,Tuyển Tập Của Tăng Phúc,6,481560,0,2020-01-01
4hGVu0XcoGqkaGG4PQzQOM,Mashup#1 Hit Vpop,Minh Châu,25MjEeusf39IrbYZ6iXERh,Mashup#1 Hit Vpop,4,249086,0,2020-01-01
3NLBg4QDdvDWtSyqqLt7Kv,Nhớ Nhà,Vpop,2xkx7f7IFOKPz9UNIhWmmZ,Quên Đi Anh,2,359262,0,2006-09-18
2v62Kw1qqVocQAUtMroEdh,Elton John's Melody,Vpop,2xkx7f7IFOKPz9UNIhWmmZ,Đêm Hội Ngộ,0,384640,0,2007-11-13
1qtPrTnx0wzOOQ5laV2kdt,Giấc Mơ,Nguyên Khang,65soYJxad6WyusokHWu4aI,Phút Ban Đầu,1,317133,0,2005-01-20
2y3alfsiDY7O4TZIP32wte,Ngày Xưa Yêu Dấu,Vpop,2xkx7f7IFOKPz9UNIhWmmZ,Tình Mãi Bên Nhau,0,464466,0,2007-07-30
7zng0VKIypgZzgZzJLT9NN,Áo Xanh,Vpop,2xkx7f7IFOKPz9UNIhWmmZ,Mẹ Và Quê Hương,0,353047,0,2008-05-18
46efuVoDjsYjIKpWx6kHSN,Away,VOH,0OmA11d6wVcqYWweVxXlJV,V·POP,0,207189,0,2023-12-01
33aXKYtfnDVtlvLiHu9QsY,vpopium,VARBUZ,57M6CPxKA3PupILf8rAZZe,SHUT,6,149538,1,2024-02-25
2QsC4LxQaI7DNAonzHlP8Z,Tới Giờ Tắm Rồi (Bathtime Song),Mommy & Me Vietnamese,1F3JbS6eCH5fvK1csRsSTp,Vietnamese Songs For Kids Collection 1,20,137557,0,2024-09-30
0dxchwNGEL3q2yRcAbxggZ,10 Ngón Tay,Mommy & Me Vietnamese,1F3JbS6eCH5fvK1csRsSTp,Vietnamese Songs For Kids Collection 2,22,110080,0,2025-02-28
6aeU5IH8DB1qHK5jRFTNUv,Hương (feat. Negav),Văn Mai Hương,63SNH9m8M034lCGELVC1dm,hương,53,210285,0,2021-01-23
5XFgteRpTM1ElaRMwgCDV4,LK Nhạc Thiếu Nhi Thế Hệ Trẻ,Mommy & Me Vietnamese,1F3JbS6eCH5fvK1csRsSTp,Vietnamese Songs For Kids Collection 2,17,289359,0,2025-02-28
69RUelUjlqvdzn0Hn9QBch,Bà Ơi Bà,Mommy & Me Vietnamese,1F3JbS6eCH5fvK1csRsSTp,Vietnamese Songs For Kids Collection 1,21,141097,0,2024-09-30
7xs2DynKEeIMF7OztdEdgE,Vì Sao Mèo Con Rửa Mặt,Mommy & Me Vietnamese,1F3JbS6eCH5fvK1csRsSTp,Vietnamese Songs For Kids Collection 1,20,178005,0,2024-09-30
0FEbIRTcBeIvqSdEJN8K3F,Tập Thể Dục Buổi Sáng,Mommy & Me Vietnamese,1F3JbS6eCH5fvK1csRsSTp,Vietnamese Songs For Kids Collection 2,20,126040,0,2025-02-28
7jN1MMc0U82IID5uY8vLTl,Giờ Ăn Đến Rồi,Mommy & Me Vietnamese,1F3JbS6eCH5fvK1csRsSTp,Vietnamese Songs For Kids Collection 1,16,105813,0,2024-09-30
4bOwnJwm4Zy1vjnndHFLHj,Vũ Trụ Có Anh (feat. Pháo),Phương Mỹ Chi,1BcjfrXV4Oe3fK0c8dnxFF,Vũ Trụ Cò Bay,50,220957,0,2023-09-18
1LPS0MAHQHBA48xumfUZTT,Con Cào Cào,Mommy & Me Vietnamese,1F3JbS6eCH5fvK1csRsSTp,Vietnamese Songs For Kids Collection 2,20,141032,0,2025-02-28
6gww8oSCc77SVs6DSyymrF,Top Hits,Top Hits 2023,7qgJkqICsYsUtU8a5SwG9b,Todays Top Hits Instrumental Playlist,8,105599,0,2023-11-14
7tCXlLIZzHmfuZphTVUMpC,Cuối Chiều,Haisam,5h0cBKxBX54CqPaQU6tJhk,Top Hits Of Haisam,33,228949,0,2019-10-19
3OVMe3H6iAxbLF8iD2UYrw,Chúng Ta Của Tương Lai,Sơn Tùng M-TP,5dfZ5uSmzR7VQK0udbAVpf,Chúng Ta Của Tương Lai,64,249871,0,2024-03-08
1mQwAEwfvDjYCT99eZsIuN,Top Hits,2022 Hit Songs Music Mix,6hhgyoKVX6lJl3hdeivtU4,New Hit Songs Of 2023,12,111219,0,2023-01-17
53RnuukPDAfbUh4bYkC0cz,Em Có Đợi Tin Nhắn Tôi Không,Haisam,5h0cBKxBX54CqPaQU6tJhk,Top Hits Of Haisam,29,268420,0,2019-10-19
5oFEvbM7lGnx8jfAkuhVyo,MỘNG YU,AMEE,2aQnC3DbZB9GbauvhAw7ve,MỘNG YU,64,202629,0,2024-08-02
2dqjk8AmosqLig5qsZB9k3,Top Hits,Todays Top Hits,6MGnOdzzXNoGcUgfxMcSwA,Todays Top Hits 2022,25,57142,0,2022-09-30
3YG1i1a0U6SyGnWHhs3SO2,Lạnh Thôi Đừng Mưa,Haisam,5h0cBKxBX54CqPaQU6tJhk,Top Hits Of Haisam,29,257699,0,2019-10-19
5OMi2ab8lqbEdoB4dgYAha,Top Hits,Top Hits 2023,7qgJkqICsYsUtU8a5SwG9b,Best Upbeat Top Hits,1,116890,0,2023-11-22
5pNoyj4WAgBRCEemRUSomh,Bây Giờ Anh Có Thể Nghe Giọng Của Em,Haisam,5h0cBKxBX54CqPaQU6tJhk,Top Hits Of Haisam,23,158078,0,2019-10-19
0FbwlQQB9cU37TAuLP0WvB,Top Hits,Popular Songs,11Iwq2edF5N9PMi2BspjhT,Best Top Tracks 2022 Playlist,12,95294,0,2022-10-17
1HPuxz9eF5Cngu8GMMiQ8d,LK Người Thứ Ba - Sao Anh Ra Đi,Minh Tuyết,2wjsoWglhKBQVfjUGdth1y,Top Hits 2002-2020 (Music Box 13),27,230280,0,2020-01-01
5IZDnmnMBzLnE6APoYL26d,bình yên,Vũ.,57g2v7gJZepcwsuwssIfZs,bình yên,62,201655,0,2024-08-29
2iS7VmY23DQRfO4jCGJ7E1,Sara - Rerecorded,Starship,0kObWap02DEg9EAJ3PBxzf,Sara (Billboard Hot 100 - No 1),54,285942,0,2010
4vsJWPwWPS27gRM4oLjBNO,DONT WANT IT,Lil Nas X,7jVv8c5Fj3E9VhNjxT4snq,MONTERO,56,130925,1,2021-09-17
1vP6D6zYJpi46oJBoeJcwT,Brother Louie - Rerecorded,The Stories,01gp5ElAZTH3BNkFII1qPM,Brother Louie (Billboard Hot 100 - No 1),22,235942,0,2020-10-09
1gA9I2ObHhZhd83BHiPGFL,Sunny <3,Pacing,7mJOp9EcXEdAH6TL36flXw,hatemail,20,166440,0,2022-05-13
4jWmhzf53Q0ZvZMuGdiR9x,shhhhhhh..,WEAN,30eFAXoU2kTjJPf2cq80B8,shhhhhhh..,64,230675,0,2023-10-07
7Kpv6QtVDSNBJYTgwUTOAu,I’ve Never Been To Me - Rerecorded,Charlene,6V3LuodmG70Gbx6FvEWPo8,I’ve Never Been To Me (Billboard Hot 100 - No 03),19,257706,0,2018-12-20
2qS9qn6timibJhRpGZ0HB5,DONT WANT IT,Lil Nas X,7jVv8c5Fj3E9VhNjxT4snq,MONTERO,12,130925,1,2021-09-17
3AMfeZyUiBoZvQ6XgP3dV2,Makin' It - Rerecorded,David Naughton,6vFCfSDEGGjyLpkMa1YhBE,Makin' It (Billboard Hot 100 - No 5),35,189582,0,2005
2xt7vJpjb4YWWIKjmeLMUp,DONT WANT IT,Lil Nas X,7jVv8c5Fj3E9VhNjxT4snq,MONTERO,25,130925,0,2021-09-17
1lcBt7LoEikqYmhUoa2cez,number one girl,ROSÉ,3eVa5w3URK5duf6eyVDbu9,rosie,81,216442,0,2024-12-06
2CHvY4mR3UDcqjhtyiy0r7,Wild Again - Rerecorded,Starship,0kObWap02DEg9EAJ3PBxzf,Wild Again (Billboard Hot 100 - No 73),40,301336,0,2016
2kO0FXEXVh0O6AQVtMsWYO,Give Me More Oxygen,DJ KIMERA,0bZ9QBZME5UoX7PGgM6Ahi,LUCKY 7 JACKPOT (Digital remaster),10,587139,0,2017-07-22
29Tj2R8sZZ3fzlXZVe1OyY,Pin Dự Phòng,Dương Domic,4KPyQxL1zqEiBcTwW6c9HE,Dữ Liệu Quý,59,226415,0,2024-11-22
0y1ZZw7eFyHgCpiDuUc7wy,Put The Money In The Bag,Yuno Miles,6gtIvaBCrswcltfMt67LMn,Yuno new releases,51,120369,1,2021-10-18
1rRSQIfUx5FX8eOvP7eRT4,Popular New Releases,New Releases,0268OztCe1Z7FpnrxVCJxc,New Music Mix 2023,13,129656,0,2023-04-26
6ecdnYq7ob5tvxlT3U2xwV,Nu Cep,Wxrdie,1Jmkhzve9TuXHUUWGmpANw,THE WXRDIES,59,155428,1,2024-11-12
1tmtNTFj5e1lOZ5FF5D1uD,Locked Away,The New Releases,0KcrR46L75FgSR7uRuIwqB,Straight from the Studio: The Hits January 2016,18,227472,0,2016-02-09
41DlPJXKTCypXdf2eSqa03,bình yên,Vũ.,57g2v7gJZepcwsuwssIfZs,Bảo Tàng Của Nuối Tiếc,65,195974,0,2024-09-27
07ApsokjGAs6niSYn8wZAQ,Uncomfortable,Chase Atlantic,7cYEt1pqMgXJdq00hAwVpT,Mixtape - 2025 - Classics & Hot New Releases,17,340786,1,2025-02-12
62bwj2FZsr0ljcap1FEf8g,"Đi Giữa Trời Rực Rỡ - From ""Đi Giữa Trời Rực Rỡ""",Ngô Lan Hương,3y0Tmt0epaxAHy6L89dGGC,"Đi Giữa Trời Rực Rỡ (From ""Đi Giữa Trời Rực Rỡ"")",62,220839,0,2024-08-05
0L27mjfIUE31DsN4D9vRqO,Playlist For Gaming,New Releases,0268OztCe1Z7FpnrxVCJxc,Playlist Of New Music Releases,2,78767,0,2023-05-03
6r5o9yIc16ZvymXUKJQ1yy,2 4,W/N,6NF9Oa4ThQWCj6mogFSrVD,2 4,59,199312,0,2024-07-31
4NOFYxDC8kftZxLxl8pJ7m,Focus,The New Releases,0KcrR46L75FgSR7uRuIwqB,Straight from the Studio: The Hits January 2016,3,211396,0,2016-02-09
34BP4cdbkyoQKR1e0huzM5,SPEED DEVIL,LUKE,12XKu8YfmsZBhvXnm2OLOh,SUPER EUROBEAT 2024 [DISC-1] New Releases,9,327666,0,2024-11-06
7yfcQynap4xcNqnydaFw83,Ai Mà Biết Được (feat. tlinh),SOOBIN,6CGGvCBHWqQ4HXtn5aLhbh,BẬT NÓ LÊN,58,240000,0,2024-06-25
2xehad5na6IOhrCGYC4sBt,WHAT'S IN YOUR DREAM,Hotblade,0DmJUAiaxnUhwE0YswLeMW,SUPER EUROBEAT 2024 [DISC-1] New Releases,10,276200,0,2024-11-06
0lyLaTNwr1Tw5uiNE1pWj6,"Prelude in C-Sharp Minor, Op. 45",Frédéric Chopin,7y97mc3bZRFXzT2szRM4L4,Classical for Cats,2,314920,0,2025-05-16
